,Name,URL,Physical Properties,Density,Mechanical Properties,Tensile Strength,"Tensile Strength, Yield",Elongation at Break,Modulus of Elasticity,Poissons Ratio,Fatigue Strength,Shear Modulus,Impact Test,Electrical Properties,Electrical Resistivity,Magnetic Permeability,Thermal Properties,"CTE, linear",Specific Heat Capacity,Thermal Conductivity,Melting Point,Solidus,Liquidus,Processing Properties,Annealing Temperature,Hot-Working Temperature,Component Elements Properties,"Carbon, C","Chromium, Cr","Iron, Fe","Manganese, Mn","Molybdenum, Mo","Nickel, Ni","Phosphorus, P","Silicon, Si","Sulfur, S","Titanium, Ti","Tungsten, W","Tensile Strength, Ultimate","Copper, Cu",Cb + Ta,"Cobalt, Co",Descriptive Properties,Heat Treatment,"Hardness, Rockwell A",Charpy Impact,"Maximum Service Temperature, Air","Aluminum, Al","Boron, B","Lanthanum, La","Hardness, Brinell","Hardness, Knoop","Hardness, Rockwell C","Hardness, Vickers",Tensile Modulus,Compressive Yield Strength,Curie Temperature,"Beryllium, Be","Hardness, Rockwell B","Vanadium, V",Rupture Strength,Y2O3,Reduction of Area,"Niobium, Nb (Columbium, Cb)","Zirconium, Zr",Modulus of Rupture,"Magnetic Coercive Force, Hc","Magnetic Remanence, Br","Magnetic Maximum Energy Product, BH",Composition,Required Magnetizing Force (Oe),Reversible Temperature Coefficients,"Yttrium, Y","Nitrogen, N",Tensile Strength at Break,Magnetic,Temperature Coefficient of Resistance,Thermal EMF vs. Copper,"Cerium, Ce",Specific Gravity,Creep Strength,Flexural Strength,Flexural Modulus,Thermal Diffusivity,"Charpy Impact, Unnotched",Nb + Ta,Al + Ti,Optical Properties,Emissivity (0-1),Average Oxidation Rate per 100-hour test period (mm),"Tantalum, Ta","Magnesium, Mg",Environmental Stress Crack Resistance,Critical Pitting Temp
1,Special Metals INCONEL® Alloy 686 Nickel Superalloy Plate (UNS N06686),https://www.matweb.com/search/DataSheet.aspx?MatGUID=9cc23d709b224e1b936b6e1cb60d1a4f,Metric,8.73 g/cc,Metric,722 MPa@Thickness 12.7 mm,364 MPa@Thickness 12.7 mm,71 %@Thickness 12.7 mm,165 GPa@Temperature 700 °C,0.33@Temperature 600 °C,410 MPa@# of Cycles 1.00e+7,61.0 GPa@Temperature 700 °C,404 J@Temperature -196 °C,Metric,0.0001238 ohm-cm,1.0001,Metric,11.97 µm/m-°C@Temperature 21.0 - 100 °C,0.364 J/g-°C@Temperature -15.0 °C,9.80 W/m-K@Temperature 25.0 °C,1338 - 1380 °C,1338 °C,1380 °C,Metric,1180 - 1200 °C,870 - 1230 °C,Metric,<= 0.010 %,19 - 23 %,<= 2.0 %,<= 0.75 %,15 - 17 %,52.5 - 63 %,<= 0.040 %,<= 0.080 %,<= 0.020 %,0.020 - 0.25 %,3.0 - 4.4 %,,,,,,,,,,,,,,,,,,,,,,,,,,,,,,,,,,,,,,,,,,,,,,,,,,,,,,,,
1,"Special Metals INCONEL® 690 Nickel Superalloy, Hot Rolled Flat, 2.0 inch (51 mm) Diameter",https://www.matweb.com/search/DataSheet.aspx?MatGUID=f505d1ec95254bda89e342500ce4e29b,Metric,8.19 g/cc,Metric,,334 MPa@Strain 0.200 %,50 %,211 GPa,0.289,,81.8 GPa,,Metric,0.0001148 ohm-cm,1.001,Metric,14.06 µm/m-°C@Temperature 24.0 - 100 °C,0.450 J/g-°C,13.5 W/m-K,1343 - 1377 °C,1343 °C,1377 °C,,,,Metric,<= 0.050 %,27 - 31 %,7.0 - 11 %,<= 0.50 %,,>= 58 %,,<= 0.50 %,<= 0.15 %,,,689 MPa,0.50 %,,,,,,,,,,,,,,,,,,,,,,,,,,,,,,,,,,,,,,,,,,,,,,,,,,,,,,
1,MetalTek HAYNES® HR120 Severe Corrosion and Heat Resistant Alloy,https://www.matweb.com/search/DataSheet.aspx?MatGUID=0d31dbaa78da433fb5e2a04df9e04b4a,Metric,8.07 g/cc,Metric,,>= 240 MPa,>= 25 %,,,,,,,,,,,,,,,,,,,Metric,<= 0.20 %,12 - 32 %,,<= 2.0 %,<= 5.0 %,30 - 45 %,,<= 3.0 %,,,,>= 450 MPa,,<= 4.0 %,<= 5.0 %,Descriptive Properties,Sol. Anneal,,,,,,,,,,,,,,,,,,,,,,,,,,,,,,,,,,,,,,,,,,,,,,,,,,
1,"Haynes Hastelloy® S alloy, flat products, solution heat-treated at 649°C (1200°F), aged 4000 hours",https://www.matweb.com/search/DataSheet.aspx?MatGUID=b9f116316660407d9312011531621072,Metric,8.75 g/cc,Metric,,"389 MPa@Strain 0.200 %, Thickness 12.7 mm",52 %@Thickness 1.45 mm,132 GPa@Temperature 1093 °C,,,,,Metric,0.000128 ohm-cm@Temperature 25.0 °C,,Metric,11.5 µm/m-°C@Temperature 20.0 - 93.0 °C,0.398 J/g-°C@Temperature 0.000 °C,14.0 W/m-K@Temperature 200 °C,1335 - 1380 °C,1335 °C,1380 °C,,,,Metric,<= 0.020 %,14.5 - 17 %,<= 3.0 %,0.30 - 1.0 %,14 - 16.5 %,67 %,<= 0.020 %,0.20 - 0.75 %,<= 0.015 %,,<= 1.0 %,867 MPa@Thickness 12.7 mm,<= 0.35 %,,<= 2.0 %,,,55@Thickness 1.45 mm,190 J,1093 °C,0.10 - 0.50 %,<= 0.015 %,0.010 - 0.10 %,,,,,,,,,,,,,,,,,,,,,,,,,,,,,,,,,,,,,,,,,,,,
1,Kennametal Stellite Deloro® 711 PM after P/M Processing,https://www.matweb.com/search/DataSheet.aspx?MatGUID=db36451623fe43e28daa9f524e74ea65,Metric,8.00 g/cc,Metric,,,<= 1.0 %,,,,,,,,,,,,,,,,,,,Metric,2.7 %,27 %,23 %,,7.0 %,23 %,,,,,3.0 %,559 MPa,,,12 %,,,75,,,,<= 1.0 %,,476,574,50,510,,,,,,,,,,,,,,,,,,,,,,,,,,,,,,,,,,,,,,,,
1,Wall Colmonoy COLMONOY® 23 Nickel Alloy With Tungsten Carbide,https://www.matweb.com/search/DataSheet.aspx?MatGUID=eefe62e1a2fd43148656e63feb0eff3f,Metric,8.64 g/cc,Metric,,,,,,,,,,,,Metric,,,,1070 °C,,,,,,Metric,0.020 %,0.080 %,0.12 %,,,95.78 %,,2.5 %,,,,,,,,,,,,,,1.5 %,,,,16 - 23,,,,,,,,,,,,,,,,,,,,,,,,,,,,,,,,,,,,,,,,,
1,Special Metals DURANICKEL® 301 (UNS N03301) Annealed and Aged Rod and Bar,https://www.matweb.com/search/DataSheet.aspx?MatGUID=3b9bcb47f1104394a24519f96e8e1317,Metric,8.19 g/cc,Metric,,758 - 965 MPa@Strain 0.200 %,20 - 30 %,,0.31,,76.0 GPa,,Metric,0.0000424 ohm-cm,9.45,Metric,13.0 µm/m-°C@Temperature 21.0 - 100 °C,,23.8 W/m-K,1400 - 1440 °C,1400 °C,1440 °C,,,,Metric,<= 0.30 %,,<= 0.60 %,<= 0.50 %,,>= 93 %,,<= 1.0 %,<= 0.010 %,0.25 - 1.0 %,,1030 - 1310 MPa,<= 0.25 %,,,,,,,,4.0 - 4.75 %,,,285 - 360,,30 - 40,,207 GPa,948.0 MPa,<= 95.0 °C,,,,,,,,,,,,,,,,,,,,,,,,,,,,,,,,,,,,,
1,Materion Beryllium Nickel Strip - Alloy 360 1/4 Hard,https://www.matweb.com/search/DataSheet.aspx?MatGUID=b0935a8f61854e26b3401e3fc97a47e5,Metric,8.28 g/cc,Metric,,448 - 862 MPa,>= 15 %,195 - 210 GPa,,,,,Metric,<= 0.0000430 ohm-cm,,Metric,14.0 µm/m-°C@Temperature 20.0 - 200 °C,,48.0 W/m-K,1195 - 1325 °C,1195 °C,1325 °C,,,,Metric,,,,,,97.3 %,,,,0.40 - 0.60 %,,758 - 1034 MPa,<= 0.25 %,,,,,,,,,,,,,,153 - 293,,,,1.85 - 2.05 %,,,,,,,,,,,,,,,,,,,,,,,,,,,,,,,,,,,,
1,"Haynes Hastelloy® C-22® alloy, 40% cold worked sheet, aged 100 hours at 500°C",https://www.matweb.com/search/DataSheet.aspx?MatGUID=372190b2410042219989ab3153b1f5ab,Metric,8.69 g/cc,Metric,,1331 MPa@Strain 0.200 %,15 %,206 GPa,,,,,Metric,0.000114 ohm-cm@Temperature 24.0 °C,,Metric,12.4 µm/m-°C@Temperature 24.0 - 93.0 °C,0.414 J/g-°C@Temperature 52.0 °C,10.1 W/m-K@Temperature 48.0 °C,1357 - 1399 °C,1357 °C,1399 °C,,,,Metric,<= 0.010 %,22 %,3.0 %,<= 0.50 %,13 %,56 %,,<= 0.080 %,,,3.0 %,1420 MPa,,,<= 2.5 %,,,,,,,,,,,,,,,,,93@Temperature 23.0 °C,<= 0.35 %,,,,,,,,,,,,,,,,,,,,,,,,,,,,,,,,,,
1,Goodfellow Nickel 62/Silicon 38 Alloy,https://www.matweb.com/search/DataSheet.aspx?MatGUID=661cf58ae2da462b8841387986c8c2b0,,,,,,,,,,,,,,,Metric,,,,966 °C,,,,,,Metric,,,,,,62 %,,38 %,,,,,,,,,,,,,,,,,,,,,,,,,,,,,,,,,,,,,,,,,,,,,,,,,,,,,,,,,,,
1,Wall Colmonoy COLMONOY® 22 Nickel Alloy With Tungsten Carbide,https://www.matweb.com/search/DataSheet.aspx?MatGUID=e290b3af58684d0e9c5ce115885fcca3,Metric,8.58 g/cc,Metric,,,,,,,,,,,,Metric,,,,1052 °C,,,,,,Metric,0.020 %,0.080 %,0.12 %,,,94.88 %,,3.4 %,,,,,,,,,,,,,,1.5 %,,,,28 - 33,,,,,,,,,,,,,,,,,,,,,,,,,,,,,,,,,,,,,,,,,
1,Special Metals INCONEL® Alloy MA 754,https://www.matweb.com/search/DataSheet.aspx?MatGUID=54c68277da7146aca1cc80ca15f51c2c,Metric,8.30 g/cc,Metric,,570 MPa,20 %,,,,,,Metric,0.0001075 ohm-cm,1.001,Metric,12.2 µm/m-°C@Temperature 20.0 - 100 °C,,14.26 W/m-K,1400 °C,,,,,,Metric,0.050 %,20 %,1.0 %,,,78 %,,,,0.50 %,,950 MPa,,,,,,,,,0.30 %,,,,,,,,,,,,,"93.8 MPa@Temperature 1090 °C, Time 3.60e+6 sec",0.60 %,,,,,,,,,,,,,,,,,,,,,,,,,,,,,,,,
1,"Haynes Hastelloy® B-2 alloy, plate, 6.4 mm thick, heat treated at 1066°C, rapid quenched, manual gas tungsten arc welded",https://www.matweb.com/search/DataSheet.aspx?MatGUID=e7e00f349ef648d4b0c3d447a78cb7a4,Metric,9.22 g/cc,Metric,,,,217 GPa,,,,,Metric,0.000137 ohm-cm@Temperature 0.000 °C,,Metric,10.3 µm/m-°C@Temperature 20.0 - 93.0 °C,0.373 J/g-°C@Temperature 0.000 °C,11.1 W/m-K@Temperature 0.000 °C,,,,,,,Metric,0.010 %,1.0 %,<= 2.0 %,<= 1.0 %,28 %,69 %,,<= 0.10 %,,,,817 MPa,,,<= 1.0 %,,,,,,,,,,,,,,,,,,,,,,,,,,,,,,,,,,,,,,,,,,,,,,,,,,,,
1,Ametek High Purity Nickel Strip 899A Full Hard,https://www.matweb.com/search/DataSheet.aspx?MatGUID=7430e6e8dcfb484794278d7d3f89025c,Metric,8.90 g/cc,Metric,,621 - 689 MPa@Strain 0.200 %,1.0 - 2.0 %,,0.31,,,,Metric,0.00000763 ohm-cm@Temperature 20.0 °C,,Metric,,,86.0 W/m-K@Temperature 70.0 °C,1453 °C,,,,,,Metric,0.0050 - 0.020 %,,<= 0.0050 %,<= 0.0010 %,,>= 99.97 %,,<= 0.0010 %,<= 0.0010 %,,,648 - 710 MPa,<= 0.0010 %,,,,,,,,,,,,,,>= 203,,,353 °C,,>= 93,,,,,,,,,,,,,,,,,,,,,,,,,,,,,,,,,,,
1,Sandvik Kanthal NRX 600 NiCr Alloy,https://www.matweb.com/search/DataSheet.aspx?MatGUID=b7c8631f61bb4fac8c66ddbbfa62eba6,Metric,8.55 g/cc,Metric,,"310 MPa@Strain 0.200 %, Thickness 1.00 mm",30 %@Thickness 1.00 mm,,,,,,Metric,0.000100 ohm-cm,,Metric,16.7 µm/m-°C@Temperature 20.0 - 1000 °C,0.460 J/g-°C,11.9 W/m-K@Temperature 100 °C,1400 °C,,,,,,Metric,,15 %,7.0 %,,,77 %,,,,,,670 MPa@Thickness 1.00 mm,,,,,,,,1150 °C,,,,,,,,,,,,,,,,,,,,,,,,,,,,,,,,,,,,,,,,,,,,,,,
1,"Carpenter Custom Age 625 PLUS® Nickel-Base Alloy, Double Aged 732°C (1350°F)/8hr/AC to 621°C (1150°F)/8hr/AC",https://www.matweb.com/search/DataSheet.aspx?MatGUID=2dcbdda903d6400a81b8ea555b9b279d,Metric,8.40 g/cc,Metric,,896 MPa@Strain 0.200 %,32 %,207 GPa@Temperature 23.0 °C,,,,,Metric,0.0001299 ohm-cm,,Metric,12.6 µm/m-°C@Temperature 25.0 - 100 °C,0.418 J/g-°C,,1257 - 1356 °C,1257 °C,1356 °C,,,,Metric,<= 0.030 %,19 - 22 %,5.0 %,<= 0.20 %,7.0 - 9.5 %,59 - 63 %,<= 0.015 %,<= 0.20 %,<= 0.010 %,1.0 - 1.6 %,,1248 MPa,,,,,,,,,<= 0.35 %,,,351,382,38,367,,,,,,,,,54 %,2.75 - 4.0 %,,,,,,,,,,,,,,,,,,,,,,,,,,,,,,
1,Special Metals NIMONIC® Alloy 115,https://www.matweb.com/search/DataSheet.aspx?MatGUID=0c37688f1b9a472f869823666bd84315,Metric,7.85 g/cc,Metric,,850 MPa@Strain 0.200 %,25 %,,,,,,Metric,0.000139 ohm-cm,,Metric,12.0 µm/m-°C@Temperature 20.0 - 100 °C,0.444 J/g-°C,10.6 W/m-K,1290 - 1345 °C,1290 °C,1345 °C,,,,Metric,0.12 - 0.20 %,14 - 16 %,<= 1.0 %,<= 1.0 %,3.0 - 5.0 %,54 %,,<= 1.0 %,<= 0.015 %,3.5 - 4.5 %,,1140 MPa@Temperature 550 °C,<= 0.20 %,,13 - 15.5 %,,,,,,4.5 - 5.5 %,0.010 - 0.025 %,,,,,,,,,,,,,,,,<= 0.15 %,,,,,,,,,,,,,,,,,,,,,,,,,,,,,
1,"HP Alloys Alloy 718, 25% Cold Worked, Aged",https://www.matweb.com/search/DataSheet.aspx?MatGUID=0fae7d6503c74ec2ab566b79c42817fa,Metric,8.20 g/cc,Metric,,1517 MPa,15 %,200 GPa,,,,,Metric,0.000123 ohm-cm,1.0011,Metric,12.9 µm/m-°C@Temperature 20.0 - 100 °C,0.435 J/g-°C,11.4 W/m-K,1260 - 1336 °C,1260 °C,1336 °C,,,,Metric,<= 0.080 %,17 - 21 %,17 %,<= 0.35 %,2.8 - 3.3 %,50 - 55 %,<= 0.015 %,<= 0.35 %,<= 0.015 %,0.65 - 1.15 %,,1586 MPa,<= 0.30 %,,<= 1.0 %,,,,,,0.20 - 0.80 %,<= 0.0060 %,,,,,,,,-112 °C,,,,,,35 %,4.75 - 5.5 %,,,,,,,,,,,,,,,,,,,,,,,,,,,,,,
1,Johnson Matthey Nickelbraze™ HTN4 Nickel Based Brazing Filler Metal,https://www.matweb.com/search/DataSheet.aspx?MatGUID=3b79ffeb0add4222bf7146777753613e,,,,,,,,,,,,,,,Metric,,,,980 - 1070 °C,980 °C,1070 °C,,,,Metric,,,1.5 %,,,93.2 %,,3.5 %,,,,,,,,,,,,,,1.8 %,,,,,,,,,,,,,,,,,,,,,,,,,,,,,,,,,,,,,,,,,,,,,
1,Special Metals INCONEL® Alloy 686 Nickel Superalloy 10% Cold Worked (UNS N06686),https://www.matweb.com/search/DataSheet.aspx?MatGUID=a62ecc8ffc774a39a8f580a68aa3c286,Metric,8.73 g/cc,Metric,840 MPa,620 MPa@Strain 0.200 %,58 %,165 GPa@Temperature 700 °C,0.33@Temperature 600 °C,410 MPa@# of Cycles 1.00e+7,61.0 GPa@Temperature 700 °C,404 J@Temperature -196 °C,Metric,0.0001238 ohm-cm,1.0001,Metric,11.97 µm/m-°C@Temperature 21.0 - 100 °C,0.364 J/g-°C@Temperature -15.0 °C,9.80 W/m-K@Temperature 25.0 °C,1338 - 1380 °C,1338 °C,1380 °C,Metric,1180 - 1200 °C,870 - 1230 °C,Metric,<= 0.010 %,19 - 23 %,<= 2.0 %,<= 0.75 %,15 - 17 %,52.5 - 63 %,<= 0.040 %,<= 0.080 %,<= 0.020 %,0.020 - 0.25 %,3.0 - 4.4 %,,,,,,,,,,,,,,,,,,,,,,,,,,,,,,,,,,,,,,,,,,,,,,,,,,,,,,,,
1,Alliance A-8 Alnico Magnetic Material,https://www.matweb.com/search/DataSheet.aspx?MatGUID=5a7597d4b5f54e589513b8aabe27422d,Metric,7.30 g/cc,Metric,68.9 MPa,,,,,,,,Metric,0.0000470 - 0.0000530 ohm-cm,,Metric,11.0 µm/m-°C,,,,,,,,,,,,,,,,,,,,,,,,,Descriptive Properties,,,,550 °C,,,,,,,450 - 700,,,860 °C,,,,,,,,,0.207 GPa,1450 - 1550 Oe,8000 Gauss,5.3 MGOe,"Al, Ni, Co, Cu, Ti",10000,0.01,,,,,,,,,,,,,,,,,,,,,,
1,Sandvik Kanthal Thermothal N Thermocouple wire,https://www.matweb.com/search/DataSheet.aspx?MatGUID=bcdd1d18d3e844ea82b0b9886689fd68,Metric,8.60 g/cc,Metric,,203 MPa@Temperature 500 °C,36 %@Temperature 300 °C,42.0 GPa@Temperature 500 °C,,,,,Metric,0.0000292 ohm-cm,,Metric,17.0 µm/m-°C@Temperature 20.0 - 100 °C,0.523 J/g-°C,29.7 W/m-K@Temperature 100 °C,1400 °C,,,,,,Metric,,,,1.5 %,,95 %,,1.5 %,,,,481 MPa@Temperature 500 °C,,,0.50 %,,,,,,1.5 %,,,,,,120@Diameter 2.00 mm,,,,,,,,,,,,,,,,,,,,,,,,,,,,,,,,,,,,,,,,
1,"Haynes 214® alloy, 10% cold reduction",https://www.matweb.com/search/DataSheet.aspx?MatGUID=6617c265145a465b80e7bcf70982d246,Metric,8.05 g/cc,Metric,,840 MPa@Strain 0.200 %,22.5 %,218 GPa,,,,,Metric,0.0001359 ohm-cm,,Metric,13.3 µm/m-°C@Temperature 25.0 - 200 °C,0.452 J/g-°C,12.0 W/m-K,1355 - 1400 °C,1355 °C,1400 °C,,,,Metric,0.050 %,16 %,3.0 %,<= 0.50 %,,75 %,,<= 0.20 %,,,,1100 MPa,,,,,,,,,4.5 %,<= 0.010 %,,317,344,33.8,330,,,,,,,,,,,<= 0.10 %,,,,,,,,0.010 %,,,,,,,,,,,,,,,,,,,,,
1,Special Metals INCONEL® 625LCF® Nickel Superalloy (UNS N06626) Annealed + 30% Cold Work,https://www.matweb.com/search/DataSheet.aspx?MatGUID=ffa7635d8c3d46238b3a4a7799d07f99,Metric,8.44 g/cc,Metric,,527 MPa@Strain 0.200 %,42 %,208 GPa,0.28,,81.4 GPa,,Metric,0.000132 ohm-cm,1.0006,Metric,12.8 µm/m-°C@Temperature 21.0 - 100 °C,0.410 J/g-°C,9.70 W/m-K,1290 - 1350 °C,1290 °C,1350 °C,,,,Metric,<= 0.030 %,20 - 23 %,<= 5.0 %,<= 0.50 %,8.0 - 10 %,>= 58 %,<= 0.015 %,<= 0.020 %,<= 0.015 %,<= 0.40 %,,973.5 MPa,,,<= 1.0 %,,,,,650 °C,<= 0.40 %,,,,,,,,,,,,,,,,3.15 - 4.15 %,,,,,,,,,,<= 0.020 %,,,,,,,,,,,,,,,,,,,,
1,California Fine Wire Nickel A 200 Nickel Alloy,https://www.matweb.com/search/DataSheet.aspx?MatGUID=50538ac6e41a4439b0725f7a4c61e566,Metric,8.91 g/cc,Metric,,172 MPa,,204 GPa,,,,,Metric,0.00000948 ohm-cm,,Metric,13.0 µm/m-°C@Temperature 20.0 °C,0.456 J/g-°C@Temperature 20.0 °C,61.6 W/m-K,1450 °C,,,,,,Metric,,,,,,>= 99.0 %,,,,,,,,,,Descriptive Properties,,,,1100 °C,,,,,,,,,,,,,,,,,,,,,,,,,,,,414 MPa,Strong,0.0048 ohms/ohm-°C,-0.022,,,,,,,,,,,,,,,,
1,"Haynes Hastelloy® C-22® alloy, all-weld metal, GMAW short arc",https://www.matweb.com/search/DataSheet.aspx?MatGUID=f263d813d1074414825244959e7a0a84,Metric,8.69 g/cc,Metric,,496 MPa@Strain 0.200 %,52 %,206 GPa,,,,,Metric,0.000114 ohm-cm@Temperature 24.0 °C,,Metric,12.4 µm/m-°C@Temperature 24.0 - 93.0 °C,0.414 J/g-°C@Temperature 52.0 °C,10.1 W/m-K@Temperature 48.0 °C,1357 - 1399 °C,1357 °C,1399 °C,,,,Metric,<= 0.010 %,22 %,3.0 %,<= 0.50 %,13 %,56 %,,<= 0.080 %,,,3.0 %,779 MPa,,,<= 2.5 %,,,,,,,,,,,,,,,,,93@Temperature 23.0 °C,<= 0.35 %,,,,,,,,,,,,,,,,,,,,,,,,,,,,,,,,,,
1,"HP Alloys Alloy C-276, 50% Cold Worked",https://www.matweb.com/search/DataSheet.aspx?MatGUID=e7c10be25ef54855a0556ea14234785c,Metric,8.90 g/cc,Metric,,1347 MPa,7.0 %,205 GPa,,,,,Metric,0.000130 ohm-cm,1.0002,Metric,11.7 µm/m-°C@Temperature 20.0 - 100 °C,0.427 J/g-°C,10.5 W/m-K,1325 - 1370 °C,1325 °C,1370 °C,,,,Metric,<= 0.010 %,14.5 - 16.5 %,4.0 - 7.0 %,<= 1.0 %,15 - 17 %,57 %,<= 0.025 %,<= 0.080 %,<= 0.010 %,,3.0 - 4.5 %,1449 MPa,,,<= 2.5 %,,,,,,,,,,,,,,,,,,<= 0.35 %,,,,,,,,,,,,,,,,,,,,,,,,,,,,,,,,,,
1,Rene 100 Nickel Alloy (UNS N13100),https://www.matweb.com/search/DataSheet.aspx?MatGUID=e5a6dbf006ab45c2a928e3b0aeb6cb54,Metric,7.75 g/cc,Metric,,,,,,,,,,,,Metric,12.9 µm/m-°C@Temperature 20.0 - 100 °C,,,,,,,,,Metric,0.16 %,9.5 %,<= 1.0 %,,3.0 %,61 %,,,,4.2 %,,,,,15 %,,,,,,5.5 %,0.015 %,,,,,,,,,,,1.0 %,"62.1 MPa@Temperature 1090 °C, Time 360000 sec",,,,0.060 %,,,,,,,,,,,,,,,,,,,,,,,,,,,,,
1,Special Metals NIMONIC® Alloy 86,https://www.matweb.com/search/DataSheet.aspx?MatGUID=d595f149290b4713905a35de672f7bf2,Metric,8.54 g/cc,Metric,,410 MPa@Strain 0.200 %,42 %,210 GPa,,,,,,,,Metric,12.7 µm/m-°C@Temperature 20.0 - 100 °C,,,,,,,,,Metric,0.050 %,25 %,,,10 %,65 %,,,,,,620 MPa@Temperature 650 °C,,,,,,,,,,,,,,,,,,,,,,,,,,,,,,,,,,,,,,,,0.030 %,,,,,,,,,,,,,,,
1,Goodfellow Nickel 81/Iron 19 Alloy,https://www.matweb.com/search/DataSheet.aspx?MatGUID=d272df6366e440dda1ca5ad3d1a41b53,,,,,,,,,,,,,,,Metric,,,,1445 °C,,,,,,Metric,,,19 %,,,81 %,,,,,,,,,,,,,,,,,,,,,,,,,,,,,,,,,,,,,,,,,,,,,,,,,,,,,,,,,,,,,
1,"Haynes 625 alloy, cold rolled and 1050°C mill-annealed sheet",https://www.matweb.com/search/DataSheet.aspx?MatGUID=07ae77760b7642a7a762eac5d5d4132d,Metric,8.44 g/cc,Metric,,490 MPa@Strain 0.200 %,48.5 %,208 GPa,,,,,Metric,0.000129 ohm-cm,,Metric,12.8 µm/m-°C@Temperature 25.0 - 100 °C,0.410 J/g-°C,9.80 W/m-K,1290 - 1350 °C,1290 °C,1350 °C,,,,Metric,<= 0.10 %,21 %,<= 5.0 %,<= 0.50 %,9.0 %,62 %,,<= 0.50 %,,<= 0.40 %,,905 MPa,,,<= 1.0 %,,,,,,<= 0.40 %,,,,,,,,,,,,,,,,3.7 %,,,,,,,,,,,,,,,,,,,,,,,,,,,,,,
1,ATI Allegheny Ludlum Altemp® HX Nickel-Based superalloy,https://www.matweb.com/search/DataSheet.aspx?MatGUID=fd8436b6d2554abbb087734422137420,Metric,8.22 g/cc,Metric,,324 MPa,31 %@Temperature 1204 °C,196 GPa,,,,,Metric,0.0001158 ohm-cm@Temperature 21.0 °C,<= 1.002,Metric,13.9 µm/m-°C@Temperature 25.0 - 93.0 °C,0.485 J/g-°C,9.10 W/m-K,1260 - 1355 °C,1260 °C,1355 °C,,,,Metric,0.080 %,22 %,18.5 %,0.50 %,9.0 %,>= 47.693 %,0.025 %,0.20 %,0.0020 %,,0.50 %,720 MPa,,,>= 1.5 %,,,,12.2 J,,,,,,,,,,,,,,,,,,,,,,,,,,,,,,,,,,8.22 g/cc,21.0 MPa@Temperature 899 °C,,,,,,,,,,,,,
1,"Haynes 230® alloy, 40% cold reduction, 1177°C anneal for 5 minutes",https://www.matweb.com/search/DataSheet.aspx?MatGUID=8329703146574b529de16aa9eef6759b,Metric,8.97 g/cc,Metric,,505 MPa@Strain 0.200 %,38.1 %,211 GPa,,,,,Metric,0.000125 ohm-cm,,Metric,12.7 µm/m-°C@Temperature 25.0 - 100 °C,0.397 J/g-°C,8.90 W/m-K,1301 - 1371 °C,1301 °C,1371 °C,,,,Metric,0.10 %,22 %,<= 3.0 %,0.50 %,2.0 %,57 %,,0.40 %,,,14 %,960 MPa,,,<= 5.0 %,,,,73.0 J,,0.30 %,<= 0.015 %,0.020 %,,,,,,,,,,,,,,,,,,,,,,,,,,,,,,,,,,,,,,,,,,,,
1,FiberNide Nickel Aluminide Foam Atomic 22% Aluminum,https://www.matweb.com/search/DataSheet.aspx?MatGUID=774be33abac04fc7ace1dd299a26c259,Metric,0.280 g/cc,Metric,,,,,,,,,Metric,0.000330 - 0.000340 ohm-cm,,,,,,,,,,,,Metric,,,,,,89 %,,,,,,,,,,,,,,,11 %,,,,,,,,2.91 MPa,,,,,,,,,,,,,,,,,,,,,,,,,,5.52 - 5.53 MPa,0.01492 - 0.01494 GPa,,,,,,,,,,,
1,Haynes 282® Nickel Alloy Autogenously Welded Sheet,https://www.matweb.com/search/DataSheet.aspx?MatGUID=194c0b2d274447d1b4f0a1bdc5d6359b,Metric,8.27 g/cc,Metric,,"132 MPa@Temperature 982 °C, Time 11500 sec",,140 GPa@Temperature 1000 °C,0.319@Temperature 25.0 °C,,51.0 GPa@Temperature 1000 °C,,Metric,0.0001261 ohm-cm@Temperature 25.0 °C,,Metric,12.1 µm/m-°C@Temperature 25.0 - 100 °C,0.436 J/g-°C@Temperature 25.0 °C,10.3 W/m-K@Temperature 25.0 °C,1300 - 1375 °C,1300 °C,1375 °C,Metric,1120 - 1150 °C,,Metric,0.060 %,20 %,<= 1.5 %,<= 0.30 %,8.5 %,57 %,,<= 0.15 %,,2.1 %,,"170 MPa@Thickness 3.20 mm, Temperature 982 °C",,,10 %,Descriptive Properties,,,,,1.5 %,0.0050 %,,,,,,,,,,,,,,,,,,,,,,,,,,,,,,,,,,,0.0288 cm2/s,,,,,,,,,,
1,PSM Industries Pacific Sintered Metals FN-255-S Nickel Steel Powdered Metal (MPIF FN-0200-25),https://www.matweb.com/search/DataSheet.aspx?MatGUID=5f4cbb8e11a14973b9a5eb75c34db125,Metric,6.80 - 7.20 g/cc,Metric,,207 MPa,3.0 %,131 GPa,,,,,,,,,,,,,,,,,,,,,,,,,,,,,,345 MPa,,,,,,,,,,,,,,,,,,,,59,,,,,,,,,,,,,,,,,,,,,,,689 MPa,,,16.3 J,,,,,,,,,
1,"Haynes HR-160® alloy, plate, aged 8000 hours at 760°C (1400°F)",https://www.matweb.com/search/DataSheet.aspx?MatGUID=2cf26cab9b0648c69f2db0593a77f754,Metric,8.08 g/cc,Metric,,319 MPa@Strain 0.200 %,26 %,211 GPa,,,,,Metric,0.0001112 ohm-cm,,Metric,13.0 µm/m-°C@Temperature 25.0 - 95.0 °C,0.462 J/g-°C,10.9 W/m-K,1293 - 1370 °C,1293 °C,1370 °C,,,,Metric,0.050 %,28 %,<= 3.5 %,0.50 %,<= 1.0 %,37 %,,2.75 %,,0.50 %,<= 1.0 %,800 MPa,,,30 %,,,,20.0 J,,,,,,,,,,,,,,,,,19 %,<= 1.0 %,,,,,,,,,,,,,,,,,,,,,,,,,,,,,,
1,"Haynes HR-160® alloy, plate, aged 4000 hours at 871°C (1600°F)",https://www.matweb.com/search/DataSheet.aspx?MatGUID=801d71b3d3724a168c27f167775d08d3,Metric,8.08 g/cc,Metric,,297 MPa@Strain 0.200 %,24 %,211 GPa,,,,,Metric,0.0001112 ohm-cm,,Metric,13.0 µm/m-°C@Temperature 25.0 - 95.0 °C,0.462 J/g-°C,10.9 W/m-K,1293 - 1370 °C,1293 °C,1370 °C,,,,Metric,0.050 %,28 %,<= 3.5 %,0.50 %,<= 1.0 %,37 %,,2.75 %,,0.50 %,<= 1.0 %,676 MPa,,,30 %,,,,,,,,,,,,,,,,,,,,,20 %,<= 1.0 %,,,,,,,,,,,,,,,,,,,,,,,,,,,,,,
1,ATI Allvac® Nickelvac® 400 UNS N04400 Nickel Superalloy,https://www.matweb.com/search/DataSheet.aspx?MatGUID=a820ad05dbfc457f82d7751ea08ac84f,Metric,8.83 g/cc,Metric,,241 MPa@Strain 0.200 %,40 %,,,,,,,,,,,,,,,,,,,Metric,0.15 %,,1.2 %,1.0 %,,66 %,,0.25 %,0.010 %,,,551 MPa,31 %,,,,,,,,,,,,,,,,,,,70,,,,70 %,,,,,,,,,,,,,,,,,,,,,,,,,,,,,,,
1,MetalTek MTEK 50-50Nb Cast UNS R20501 Heat Resistant Alloy,https://www.matweb.com/search/DataSheet.aspx?MatGUID=4b60584a0d034a4fa092d3754eb4593a,,,Metric,,>= 350 MPa,>= 5.0 %,,,,,,,,,,,,,,,,,,,Metric,<= 0.10 %,47 - 52 %,,<= 0.30 %,,45.4 - 51.6 %,,<= 0.50 %,,,,>= 550 MPa,,,,Descriptive Properties,Not Heat Treated,,,,,,,,,,,,,,,,,,,,1.4 - 1.7 %,,,,,,,,,,,,,,,,,,,,,,,,,,,,,,
1,Haynes 242® alloy,https://www.matweb.com/search/DataSheet.aspx?MatGUID=c006a8bf7acc4a5798f876c53b9eacc2,Metric,9.05 g/cc,Metric,,760 MPa@Strain 0.200 %,39 %,229 GPa,,,,,Metric,0.000122 ohm-cm,,Metric,10.8 µm/m-°C@Temperature 25.0 - 100 °C,0.386 J/g-°C,11.3 W/m-K,1290 - 1375 °C,1290 °C,1375 °C,,,,Metric,<= 0.030 %,7.0 - 9.0 %,<= 2.0 %,<= 0.80 %,24 - 26 %,58 %,,<= 0.80 %,,,,1235 MPa,<= 0.50 %,,<= 2.5 %,,,,90.0 J,815 °C,<= 0.50 %,<= 0.0060 %,,257,286,19,78@Temperature 870 °C,,,,,,,,,44 %,,,,,,,,,,,,,,,,,,,,,,,,,,,,,,,
1,"Haynes 242® alloy, cold rolled sheet, annealed and aged",https://www.matweb.com/search/DataSheet.aspx?MatGUID=95da932268f043d99230a81e84040d92,Metric,9.05 g/cc,Metric,,930 MPa@Strain 0.200 %,31.8 %,229 GPa,,,,,Metric,0.000122 ohm-cm,,Metric,10.8 µm/m-°C@Temperature 25.0 - 100 °C,0.386 J/g-°C,11.3 W/m-K,1290 - 1375 °C,1290 °C,1375 °C,,,,Metric,<= 0.030 %,7.0 - 9.0 %,<= 2.0 %,<= 0.80 %,24 - 26 %,58 %,,<= 0.80 %,,,,1365 MPa,<= 0.50 %,,<= 2.5 %,,,,,815 °C,<= 0.50 %,<= 0.0060 %,,257,286,19,78@Temperature 870 °C,,,,,,,,,,,,,,,,,,,,,,,,,,,,,,,,,,,,,,,,
1,"Haynes Hastelloy® S alloy, flat products, solution heat-treated at 760°C (1400°F), aged 4000 hours",https://www.matweb.com/search/DataSheet.aspx?MatGUID=f15b650d7a2649aa80ff5659dfdbc465,Metric,8.75 g/cc,Metric,,"373 MPa@Strain 0.200 %, Thickness 12.7 mm",51 %@Thickness 1.45 mm,132 GPa@Temperature 1093 °C,,,,,Metric,0.000128 ohm-cm@Temperature 25.0 °C,,Metric,11.5 µm/m-°C@Temperature 20.0 - 93.0 °C,0.398 J/g-°C@Temperature 0.000 °C,14.0 W/m-K@Temperature 200 °C,1335 - 1380 °C,1335 °C,1380 °C,,,,Metric,<= 0.020 %,14.5 - 17 %,<= 3.0 %,0.30 - 1.0 %,14 - 16.5 %,67 %,<= 0.020 %,0.20 - 0.75 %,<= 0.015 %,,<= 1.0 %,878 MPa@Thickness 12.7 mm,<= 0.35 %,,<= 2.0 %,,,54@Thickness 1.45 mm,190 J,1093 °C,0.10 - 0.50 %,<= 0.015 %,0.010 - 0.10 %,,,,,,,,,,,,,,,,,,,,,,,,,,,,,,,,,,,,,,,,,,,,
1,"Haynes Hastelloy® G-30® alloy, 12.7 mm (1/2 in.) thick plate, GMAW spray weld 1.1 mm diameter filler wire",https://www.matweb.com/search/DataSheet.aspx?MatGUID=de58d8099c76427b8815969399ad7970,Metric,8.22 g/cc,Metric,,379 MPa@Strain 0.200 %,51 %,202 GPa,,,,,Metric,0.000116 ohm-cm@Temperature 24.0 °C,,Metric,14.4 µm/m-°C@Temperature 30.0 - 316 °C,,10.2 W/m-K@Temperature 24.0 °C,,,,,,,Metric,<= 0.030 %,28 - 31.5 %,13 - 17 %,<= 1.5 %,4.0 - 6.0 %,43 %,<= 0.040 %,0.80 %,<= 0.020 %,,1.5 - 4.0 %,696 MPa,1.0 - 2.4 %,,<= 5.0 %,,,,,,,,,,,,,,,,,,,,,54 %,,,,,,,,,,,,,,,,,,,,,,,0.30 - 1.5 %,,,,,,,,
1,Wall Colmonoy COLMONOY® 72 Nickel-Based Alloy With Chromium Carbide,https://www.matweb.com/search/DataSheet.aspx?MatGUID=b5de9850c02547b7895ece42010f45b6,Metric,9.51 g/cc,Metric,,,,,,,,,,,,Metric,,,,1060 °C,,,,,,Metric,0.70 %,13 %,4.0 %,,,62.6 %,,3.8 %,,,13 %,,,,,,,,,,,2.9 %,,,,57 - 62,,,,,,,,,,,,,,,,,,,,,,,,,,,,,,,,,,,,,,,,,
1,"Haynes 625 alloy, 20% cold reduction, 1120°C anneal for 5 minutes",https://www.matweb.com/search/DataSheet.aspx?MatGUID=07a6af33438a42f99e943e13a1ed1fdc,Metric,8.44 g/cc,Metric,,460 MPa@Strain 0.200 %,46 %,208 GPa,,,,,Metric,0.000129 ohm-cm,,Metric,12.8 µm/m-°C@Temperature 25.0 - 100 °C,0.410 J/g-°C,9.80 W/m-K,1290 - 1350 °C,1290 °C,1350 °C,,,,Metric,<= 0.10 %,21 %,<= 5.0 %,<= 0.50 %,9.0 %,62 %,,<= 0.50 %,,<= 0.40 %,,930 MPa,,,<= 1.0 %,,,,,,<= 0.40 %,,,,,,,,,,,,,,,,3.7 %,,,,,,,,,,,,,,,,,,,,,,,,,,,,,,
1,Special Metals BRIGHTRAY® Alloy C Electrical Resistance Alloy,https://www.matweb.com/search/DataSheet.aspx?MatGUID=3ad59dd711b146febcf0644b4563ff9a,Metric,8.31 g/cc,Metric,,330 MPa@Strain 0.200 %,,,,,,,Metric,0.000108 ohm-cm,1.0005,Metric,12.5 µm/m-°C@Temperature 20.0 - 100 °C,0.419 J/g-°C,,1380 - 1400 °C,1380 °C,1400 °C,,,,Metric,<= 0.15 %,19 - 21 %,<= 1.0 %,<= 2.5 %,,75 %,,0.75 - 1.75 %,<= 0.010 %,,,760 MPa,,,,,,,,,,,,,,,,,,,,,,,,,,,,,,,,,,,,,,,,,,,,,,,,,,,,,,,
1,IBC Advanced Alloys 6% BeNi Beryllium Nickel Master Alloy,https://www.matweb.com/search/DataSheet.aspx?MatGUID=1b8864ab71bd4054b47aa07e0fc8f681,Metric,7.20 g/cc,,,,,,,,,,,,,Metric,,,,1150 °C,,,,,,Metric,,,,,,93.5 - 94.5 %,,,,,,,,,,,,,,,,,,,,,,,,,5.5 - 6.5 %,,,,,,,,,,,,,,,,,,,,,,,,,,,,,,,,,,,,
1,"Haynes Hastelloy® W alloy, shielded metal arc welds, aged 1000 hours at 650°C (1200°F)",https://www.matweb.com/search/DataSheet.aspx?MatGUID=318686ccce1242638d0658bb25d3f7dc,Metric,9.00 g/cc,Metric,,745 MPa,8.0 %,,,,,,,,,Metric,13.2 µm/m-°C@Temperature 20.0 - 600 °C,,,,,,,,,Metric,<= 0.12 %,5.0 %,6.0 %,<= 1.0 %,24 %,63 %,,<= 1.0 %,,,,885 MPa,,,2.5 %,,,,,,,,,,,,,,,,,,<= 0.60 %,,,8.0 %,,,,,,,,,,,,,,,,,,,,,,,,,,,,,,,
1,Special Metals Udimet® 500 Nickel Alloy (UNS N07500),https://www.matweb.com/search/DataSheet.aspx?MatGUID=b27569f8b73e43539809cb1066e270fb,Metric,8.02 g/cc,Metric,,,,,,,,,,,,Metric,11.3 µm/m-°C@Temperature 20.0 - 100 °C,,11.3 W/m-K@Temperature 20.0 - 100 °C,,,,,,,Metric,0.08 %,19 %,<= 4.0 %,,4.0 %,48 %,,,,3.0 %,,,,,19 %,,,,,,3.0 %,0.005 %,,,,,,,,,,,,"221 MPa@Temperature 816 °C, Time 3.60e+6 sec",,,,,,,,,,,,,,,,,,,,,,,,,,,,,,,,,
1,Materion Nibryl Beryllium Nickel Alloy (Nibryl)-360 Rod and Bar; H1050 (H1050) Temper; All Sizes (UNS N03360),https://www.matweb.com/search/DataSheet.aspx?MatGUID=8e0be27f891541a78d7a9bbecd5e61d9,Metric,8.28 g/cc,Metric,,>= 1170 MPa,>= 5.0 %,207 GPa,,,,,Metric,0.0000246 ohm-cm,,Metric,14.0 µm/m-°C@Temperature 20.0 - 200 °C,,48.0 W/m-K,1196 - 1330 °C,1196 °C,1330 °C,,,,Metric,,,,,,97.5 %,,,,0.40 - 0.60 %,,>= 1410 MPa,,,,,,,,,,,,,,,,,,,1.85 - 2.05 %,,,,,,,,,,,,,,,,,,,,,,,,,,,,,,,,,,,,
1,"Haynes 214® alloy, sheet, 100 hours exposure at 980°C (1800°F)",https://www.matweb.com/search/DataSheet.aspx?MatGUID=ca99ec7240ef4406af52306df45a7d9f,Metric,8.05 g/cc,Metric,,585 MPa@Strain 0.200 %,34.2 %,218 GPa,,,,,Metric,0.0001359 ohm-cm,,Metric,13.3 µm/m-°C@Temperature 25.0 - 200 °C,0.452 J/g-°C,12.0 W/m-K,1355 - 1400 °C,1355 °C,1400 °C,,,,Metric,0.050 %,16 %,3.0 %,<= 0.50 %,,75 %,,<= 0.20 %,,,,950 MPa,,,,,,,,,4.5 %,<= 0.010 %,,,,,,,,,,,,,,,,<= 0.10 %,,,,,,,,0.010 %,,,,,,,,,,,,,,,,,,,,,
1,Special Metals DURANICKEL® 301 (UNS N03301) Annealed and Aged Strip,https://www.matweb.com/search/DataSheet.aspx?MatGUID=36983e1e28174c6ca7e015088b44c928,Metric,8.19 g/cc,Metric,,,10 - 25 %,,0.31,,76.0 GPa,,Metric,0.0000424 ohm-cm,10.58,Metric,13.0 µm/m-°C@Temperature 21.0 - 100 °C,,23.8 W/m-K,1400 - 1440 °C,1400 °C,1440 °C,,,,Metric,<= 0.30 %,,<= 0.60 %,<= 0.50 %,,>= 93 %,,<= 1.0 %,<= 0.010 %,0.25 - 1.0 %,,1100 - 1310 MPa,<= 0.25 %,,,,,,,,4.0 - 4.75 %,,,,,30 - 40,,207 GPa,,<= 95.0 °C,,,,,,,,,,,,,,,,,,,,,,,,,,,,,,,,,,,,,
1,"Haynes 230® alloy, 0% cold reduction",https://www.matweb.com/search/DataSheet.aspx?MatGUID=5eb6eab6c5aa4aa796cef0e564d2fc12,Metric,8.97 g/cc,Metric,,425 MPa@Strain 0.200 %,46.6 %,211 GPa,,,,,Metric,0.000125 ohm-cm,,Metric,12.7 µm/m-°C@Temperature 25.0 - 100 °C,0.397 J/g-°C,8.90 W/m-K,1301 - 1371 °C,1301 °C,1371 °C,,,,Metric,0.10 %,22 %,<= 3.0 %,0.50 %,2.0 %,57 %,,0.40 %,,,14 %,885 MPa,,,<= 5.0 %,,,,,,0.30 %,<= 0.015 %,0.020 %,,,,,,,,,,,,,,,,,,,,,,,,,,,,,,,,,,,,,,,,,,,,
1,"Sandvik Sanicro 56 Tube and Pipe, Seamless (UNS N10276)",https://www.matweb.com/search/DataSheet.aspx?MatGUID=0ece5aeb7ade40339355573dc5a64b9a,Metric,8.89 g/cc,Metric,,>= 283 MPa@Strain 0.200 %,>= 40 %,159 GPa@Temperature 800 °C,,,,,,,,Metric,12.2 µm/m-°C@Temperature 25.0 - 100 °C,0.427 J/g-°C,7.20 W/m-K@Temperature -168 °C,,,,,,,Metric,<= 0.010 %,16 %,4.5 %,<= 1.0 %,16 %,57 %,<= 0.030 %,<= 0.080 %,<= 0.015 %,,3.5 %,>= 690 MPa,,,<= 2.5 %,,,,,,,,,,,,,,,,,,<= 0.35 %,,,,,,,,,,,,,,,,,,,,,,,,,,,,,,,,,,
1,"ATI Allvac® WASPALOY® Nickel Superalloy, Heat Treatment: 1010°C (1850°F) + Age",https://www.matweb.com/search/DataSheet.aspx?MatGUID=e200da3a4f0d47cfae0438dc71d801c2,Metric,8.19 g/cc,Metric,,897 MPa@Strain 0.200 %,23 %,,,,,,,,,,,,,,,,,,,Metric,0.050 %,19.5 %,1.0 %,,4.3 %,58 %,,,,3.0 %,,1276 MPa,,,13 %,,,,,,1.4 %,0.010 %,,351,382,38,367,,,,,,,,,25 %,,0.070 %,,,,,,,,,,,,,,,,,,,,,,,,,,,,,
1,ATI Allvac® 718-OP® UNS N07718 Nickel Superalloy,https://www.matweb.com/search/DataSheet.aspx?MatGUID=8ea7e24f8eec452e9ceaa928f2c7b6b9,Metric,8.19 g/cc,Metric,,1104 MPa@Strain 0.200 %,22 %,,,,,,,,,,,,,,,,,,,Metric,0.020 %,19 %,17 %,,3.1 %,54 %,,,,0.90 %,,1345 MPa,,,,,,,,,0.50 %,,,,,42,,,,,,,,,,35 %,5.2 %,,,,,,,,,,,,,,,,,,,,,,,,,,,,,,
1,"Haynes R-41 alloy, 1.27 mm thick sheet, solution heat treated at 1079°C, water quenched, 30 minutes at 1066°C, aged 16 hours at 760°C (1400°F), air cooled",https://www.matweb.com/search/DataSheet.aspx?MatGUID=d1fa65c8caba4185b0d5853ab22c4b8a,Metric,8.25 g/cc,Metric,,1024 MPa@Strain 0.200 %,14 %,222 GPa,0.31,,83.0 GPa,,Metric,,<= 1.002@Temperature 21.0 °C,Metric,13.5 µm/m-°C@Temperature 21.0 - 538 °C,0.452 J/g-°C@Temperature 21.0 °C,11.5 W/m-K@Temperature 149 °C,1310 - 1345 °C,1310 °C,1335 °C,,,,Metric,0.050 - 0.12 %,18 - 20 %,<= 5.0 %,<= 0.10 %,9.0 - 10.5 %,53 %,,<= 0.50 %,<= 0.015 %,3.0 - 3.3 %,,1285 MPa,,,10 - 12 %,,,,,,1.4 - 1.6 %,0.0030 - 0.010 %,,,,,,,,,,,,,,,,,,,,,,,,,,,,,,,,,,,,,,,,,,,,,
1,"Haynes R-41 alloy, 1.27 mm thick sheet, solution heat treated at 1079°C, water quenched, 30 minutes at 1066°C, air cooled, aged 16 hours at 760°C (1400°F)",https://www.matweb.com/search/DataSheet.aspx?MatGUID=727890c7552a4b1d8b335b36ba3eb882,Metric,8.25 g/cc,Metric,,799 MPa@Strain 0.200 %,,150 GPa@Temperature 927 °C,0.31,,83.0 GPa,,Metric,,<= 1.002@Temperature 21.0 °C,Metric,13.5 µm/m-°C@Temperature 21.0 - 538 °C,0.452 J/g-°C@Temperature 21.0 °C,11.5 W/m-K@Temperature 149 °C,1310 - 1345 °C,1310 °C,1335 °C,,,,Metric,0.050 - 0.12 %,18 - 20 %,<= 5.0 %,<= 0.10 %,9.0 - 10.5 %,53 %,,<= 0.50 %,<= 0.015 %,3.0 - 3.3 %,,1047 MPa,,,10 - 12 %,,,,,,1.4 - 1.6 %,0.0030 - 0.010 %,,,,,,,,,,,,,,,,,,,,,,,,,,,,,,,,,,,,,,,,,,,,,
1,Sandvik Sanicro 60 Covered electrodes,https://www.matweb.com/search/DataSheet.aspx?MatGUID=6300e6cc88c64743a725985de275d0b2,,,Metric,,530 MPa@Strain 0.200 %,30 %,,,,,,,,,,,,,,,,,,,Metric,<= 0.050 %,21 %,<= 2.0 %,1.0 %,9.0 %,60 %,<= 0.015 %,0.40 %,<= 0.010 %,,,770 MPa,,,,,,,45.0 J@Temperature -196 °C,,,,,,,,,,,,,,,,,,3.4 %,,,,,,,,,,,,,,,,,,,,,,,,,,,,,,
1,FiberNide Nickel Aluminide Foam Atomic 15% Aluminum,https://www.matweb.com/search/DataSheet.aspx?MatGUID=c7daba73bdae462c81019a4ff2dca47a,Metric,0.280 g/cc,Metric,,,,,,,,,Metric,0.000355 - 0.000365 ohm-cm,,,,,,,,,,,,Metric,,,,,,92 %,,,,,,,,,,,,,,,8.0 %,,,,,,,,,,,,,,,,,,,,,,,,,,,,,,,,,,4.85 - 4.95 MPa,0.0125 - 0.01275 GPa,,,,,,,,,,,
1,ATI Allegheny Ludlum Moly Permalloy Electrical Alloy,https://www.matweb.com/search/DataSheet.aspx?MatGUID=8bd09c0cb2014d88b7037e25eb8c99ac,Metric,8.25 g/cc,Metric,,338 MPa@Strain 0.200 %,32 %,,,,,,Metric,0.0000470 ohm-cm,,,,,,,,,,,,Metric,0.015 %,<= 0.020 %,14 %,0.50 %,4.85 %,80.2 %,<= 0.0050 %,0.30 %,<= 0.0010 %,,,682 MPa,,,<= 0.020 %,,,,,,<= 0.010 %,,,,,,,,,,,80,,,,,,,,,,,,,,,,,,,,,,,,,,,,,,,,,,,
1,"Haynes 214® alloy, 50% cold reduction, 980°C (1800°F) for 5 minutes",https://www.matweb.com/search/DataSheet.aspx?MatGUID=ab432bfcbc744faca25523f30dd81188,Metric,8.05 g/cc,Metric,,655 MPa@Strain 0.200 %,33.7 %,218 GPa,,,,,Metric,0.0001359 ohm-cm,,Metric,13.3 µm/m-°C@Temperature 25.0 - 200 °C,0.452 J/g-°C,12.0 W/m-K,1355 - 1400 °C,1355 °C,1400 °C,,,,Metric,0.050 %,16 %,3.0 %,<= 0.50 %,,75 %,,<= 0.20 %,,,,1090 MPa,,,,,,,,,4.5 %,<= 0.010 %,,286,310,29.3,296,,,,,,,,,,,<= 0.10 %,,,,,,,,0.010 %,,,,,,,,,,,,,,,,,,,,,
1,"Haynes HR-160® alloy plate, aged 1000 hours at 649°C (1200°F)",https://www.matweb.com/search/DataSheet.aspx?MatGUID=4a2364797eb947229af54e08101a3fde,Metric,8.08 g/cc,Metric,,341 MPa@Strain 0.200 %,40 %,211 GPa,,,,,Metric,0.0001112 ohm-cm,,Metric,13.0 µm/m-°C@Temperature 25.0 - 95.0 °C,0.462 J/g-°C,10.9 W/m-K,1293 - 1370 °C,1293 °C,1370 °C,,,,Metric,0.050 %,28 %,<= 3.5 %,0.50 %,<= 1.0 %,37 %,,2.75 %,,0.50 %,<= 1.0 %,812 MPa,,,30 %,,,,58.0 J,,,,,,,,,,,,,,,,,33 %,<= 1.0 %,,,,,,,,,,,,,,,,,,,,,,,,,,,,,,
1,"Haynes 75 Nickel Alloy Sheet, Annealed at 1925°F (1050°C)",https://www.matweb.com/search/DataSheet.aspx?MatGUID=33f983226edd4ef995e180e214f61897,Metric,8.37 g/cc,Metric,,"31.0 MPa@Strain 0.200 %, Temperature 980 °C",27 %@Temperature 540 °C,140 GPa@Temperature 1000 °C,,,,,Metric,0.000112 ohm-cm@Temperature 200 °C,,Metric,14.3 µm/m-°C@Temperature 20.0 - 500 °C,,18.6 W/m-K@Temperature 400 °C,1340 - 1380 °C,1340 °C,1380 °C,Metric,1052 °C,,Metric,<= 0.15 %,20 %,5.0 %,<= 1.0 %,,76 %,,<= 1.0 %,,0.40 %,,66.0 MPa@Temperature 980 °C,,,,,,,,,,,,,,,,,,,,,,"8.30 MPa@Temperature 870 °C, Time 3.60e+6 sec",,,,,,,,,,,,,,,,,,,,,,,,,,,,,,,,,
1,"Haynes Hastelloy® G-35® Nickel Alloy Plate, Annealed at 2025°F (1107°C)",https://www.matweb.com/search/DataSheet.aspx?MatGUID=7922027870514ecaa22f619d1a0806c4,Metric,8.22 g/cc,Metric,,,,170 GPa@Temperature 649 °C,,,,,Metric,0.000118 ohm-cm@Temperature 25.0 °C,,Metric,12.3 µm/m-°C@Temperature 21.0 - 100 °C,0.450 J/g-°C@Temperature 25.0 °C,10.0 W/m-K@Temperature 25.0 °C,1332 - 1361 °C,1332 °C,1361 °C,Metric,1120 °C,,Metric,<= 0.050 %,33 %,<= 2.0 %,<= 0.50 %,8.0 %,55.5 %,,<= 0.60 %,,,,,,,,Descriptive Properties,,,>= 358 J@Thickness 19.1 mm,,<= 0.40 %,,,,,,,,,,,,,,,,,,,,,,,,,,,,,,,,,,,,0.028 cm2/s,,,,,,,,,,
1,"ATI Allegheny Ludlum AL 201™ Nickel Alloy, UNS N02201",https://www.matweb.com/search/DataSheet.aspx?MatGUID=2fb5563752f846bb8c8f694e19702c19,Metric,8.90 g/cc,Metric,,103 MPa@Strain 0.200 %,50 %,207 GPa,0.31,,81.0 GPa,,Metric,0.00000850 ohm-cm,,Metric,13.3 µm/m-°C@Temperature 27.0 - 93.0 °C,0.456 J/g-°C,67.1 W/m-K@Temperature 100 °C,,,,,,,Metric,<= 0.020 %,,0.050 %,0.020 %,,99.9 %,,0.050 %,0.0020 %,,,403 MPa,0.020 %,,,,,,,427 °C,,,,,,,,,,,,45,,,,,,,,,,,,,,,,,,,,,,,,,,,,,,,,,,,
1,Special Metals DURANICKEL® 301 (UNS N03301) Annealed Strip,https://www.matweb.com/search/DataSheet.aspx?MatGUID=e960b7110c5f4ed19c681264d4f48048,Metric,8.19 g/cc,Metric,,241 - 414 MPa@Strain 0.200 %,30 - 50 %,,0.31,,76.0 GPa,,Metric,0.0000424 ohm-cm,4.28,Metric,13.0 µm/m-°C@Temperature 21.0 - 100 °C,0.435 J/g-°C@Temperature 20.0 - 100 °C,23.8 W/m-K,1400 - 1440 °C,1400 °C,1440 °C,,,,Metric,<= 0.30 %,,<= 0.60 %,<= 0.50 %,,>= 93 %,,<= 1.0 %,<= 0.010 %,0.25 - 1.0 %,,621 - 827 MPa,<= 0.25 %,,,,,,,,4.0 - 4.75 %,,,,,,,207 GPa,,15.0 - 50.0 °C,,<= 90,,,,,,,,,,,,,,,,,,,,,,,,,,,,,,,,,,,
1,Crucible Compaction Metals P/M N690 Corrosion Resistant Alloy,https://www.matweb.com/search/DataSheet.aspx?MatGUID=5a9f8bd03af14853a5efc77baa278af7,Metric,8.02 g/cc,Metric,,469 MPa@Strain 0.200 %,39 %@Temperature 23.0 °C,,,,,,,,,,,,,,,,,,,Metric,<= 0.040 %,28 - 31 %,7.0 - 11 %,<= 0.50 %,,56.445 - 63.445 %,,<= 0.50 %,<= 0.015 %,,,862 MPa@Temperature 23.0 °C,<= 0.50 %,,,,,,,,,,,,,,,,,,,,,,,60 %@Temperature 23.0 °C,,,,,,,,,,,,,,,,,,,,,,,,,,,,,,,
1,California Fine Wire Nickel 272 Super Alloy,https://www.matweb.com/search/DataSheet.aspx?MatGUID=687a378920f34f46a53bbc587af5044b,Metric,8.89 g/cc,Metric,,,,,,,,,Metric,0.00000748 ohm-cm,,Metric,15.0 µm/m-°C@Temperature 20.0 °C,,59.0 W/m-K,1430 °C,,,,,,Metric,,,,,,99.97 %,,,,,,,,,,Descriptive Properties,,,,500 °C,,,,,,,,,,,,,,,,,,,,,,,,,,,,345 MPa,Strong,0.0065 ohms/ohm-°C,,,,,,,,,,,,,,,,,
1,"Haynes Hastelloy® N, 1.14 mm sheet, aged 10000 hours at 704°C (1300°F)",https://www.matweb.com/search/DataSheet.aspx?MatGUID=d829266e4c314ce19a8095da6390c5f9,Metric,8.86 g/cc,Metric,,316 MPa@Strain 0.200 %,46 %,122 GPa@Temperature 1049 °C,,,,,Metric,0.000120 ohm-cm,,Metric,12.3 µm/m-°C@Temperature 21.0 - 316 °C,0.419 J/g-°C@Temperature 100 °C,11.5 W/m-K,1300 - 1400 °C,1300 °C,1400 °C,,,,Metric,<= 0.080 %,7.0 %,<= 5.0 %,<= 0.80 %,16 %,71 %,,<= 1.0 %,,,<= 0.50 %,796 MPa,<= 0.35 %,,<= 0.20 %,,,,,,,,,,,,,,,,,,,,,,,,,,,,,,,,,,,,,,,,,,,,,<= 0.50 %,,,,,,,
1,Carlson C 800 Nickel-Iron-Chromium Alloy,https://www.matweb.com/search/DataSheet.aspx?MatGUID=c281ea6dbcb6435d8fb9bc7184ba63b1,Metric,7.94 g/cc,Metric,,>= 207 MPa@Strain 0.200 %,>= 30 %,197 GPa,,,,,Metric,,1.014,Metric,18.4 µm/m-°C@Temperature 21.1 - 871 °C,,,1357 - 1385 °C,1357 °C,1385 °C,,,,Metric,<= 0.010 %,19 - 23 %,>= 39.5 %,<= 1.5 %,,30 - 35 %,,<= 1.0 %,<= 0.015 %,0.15 - 0.60 %,,,<= 0.75 %,,,,,,,,0.15 - 0.60 %,,,,,,,,,-115 °C,,,,,,,,,,,,,,,,,,>= 517 MPa,,,,,,,,,,,,,,,,,,,
1,Resistalloy International Resistalloy 6015 Nickel Chromium Electrical Resistance Alloy,https://www.matweb.com/search/DataSheet.aspx?MatGUID=323ff1e1068446d5b566fc96156d7717,Metric,8.20 g/cc,Metric,,450 MPa,25 - 30 %@Thickness 50.0 mm,,,,,,Metric,0.000111 ohm-cm,,Metric,14.0 µm/m-°C@Temperature 20.0 - 250 °C,0.460 J/g-°C,13.0 W/m-K,1390 °C,,,,,,Metric,,15 %,25 %,,,60 %,,,,,,750 MPa,,,,,,,,1150 °C,,,,,,,180,,,,,,,,,,,,,,,,,,,,,,,,,,,,,,,,,,Metric,0.88,,,,,
1,"Haynes 230® alloy plate, 16000 hours exposure at 649°C (1200°F)",https://www.matweb.com/search/DataSheet.aspx?MatGUID=b21bb9b985064f17bd0bf0e7cd5ec001,Metric,8.97 g/cc,Metric,,450 MPa@Strain 0.200 %,37 %,211 GPa,,,,,Metric,0.000125 ohm-cm,,Metric,12.7 µm/m-°C@Temperature 25.0 - 100 °C,0.397 J/g-°C,8.90 W/m-K,1301 - 1371 °C,1301 °C,1371 °C,,,,Metric,0.10 %,22 %,<= 3.0 %,0.50 %,2.0 %,57 %,,0.40 %,,,14 %,915 MPa,,,<= 5.0 %,,,,38.0 J,,0.30 %,<= 0.015 %,0.020 %,,,,,,,,,,,,,,,,,,,,,,,,,,,,,,,,,,,,,,,,,,,,
1,"Haynes Hastelloy® C-4 alloy, welded plate 12.7 mm (1/2 in.) thick, aged 1000 hours at 649°C (1200°F)",https://www.matweb.com/search/DataSheet.aspx?MatGUID=0bbf1dab4b6141d29ee7ef1c83747955,Metric,8.64 g/cc,Metric,,411 MPa@Strain 0.200 %,46 %,211 GPa,,,,,Metric,0.000125 ohm-cm@Temperature 23.0 °C,,Metric,10.8 µm/m-°C@Temperature 20.0 - 93.0 °C,0.406 J/g-°C@Temperature 0.000 °C,10.1 W/m-K@Temperature 23.0 °C,,,,,,,Metric,<= 0.010 %,14 - 18 %,<= 3.0 %,<= 1.0 %,14 - 17 %,58 %,<= 0.025 %,<= 0.080 %,<= 0.010 %,<= 0.70 %,,818 MPa,,,<= 2.0 %,Descriptive Properties,,,,,,,,,,,,,,,,,,,,,,,,,,,,,,,,,,,,,,,,,0.028 cm2/s,,,,,,0.004,,,,
1,Special Metals INCONEL® Alloy 751,https://www.matweb.com/search/DataSheet.aspx?MatGUID=41b31ffaab9f4c89b6969cc65f99d2d3,Metric,8.22 g/cc,Metric,,875 MPa@Strain 0.200 %,25 %,,,,,,Metric,0.000122 ohm-cm,1.0035,Metric,12.6 µm/m-°C@Temperature 20.0 - 100 °C,0.431 J/g-°C,12.0 W/m-K,1390 - 1430 °C,1390 °C,1430 °C,,,,Metric,<= 0.10 %,14 - 17 %,5.0 - 9.0 %,<= 1.0 %,,>= 70 %,,<= 0.50 %,<= 0.010 %,2.0 - 2.6 %,,1030 MPa@Temperature 650 °C,<= 0.50 %,,,,,,,,0.90 - 1.5 %,,,,,,,,,-125 °C,,,,"96.5 MPa@Temperature 816 °C, Time 3.60e+6 sec",,,0.70 - 1.2 %,,,,,,,,,,,,,,,,,,,,,,,,,,,,,,
1,"Haynes Hastelloy® S alloy, flat products, solution heat-treated at 760°C (1400°F), aged 8000 hours",https://www.matweb.com/search/DataSheet.aspx?MatGUID=9c0615ec95cb497d98025d2c5bc2c1ef,Metric,8.75 g/cc,Metric,,"369 MPa@Strain 0.200 %, Thickness 12.7 mm",46 %@Thickness 12.7 mm,132 GPa@Temperature 1093 °C,,,,,Metric,0.000128 ohm-cm@Temperature 25.0 °C,,Metric,11.5 µm/m-°C@Temperature 20.0 - 93.0 °C,0.398 J/g-°C@Temperature 0.000 °C,14.0 W/m-K@Temperature 200 °C,1335 - 1380 °C,1335 °C,1380 °C,,,,Metric,<= 0.020 %,14.5 - 17 %,<= 3.0 %,0.30 - 1.0 %,14 - 16.5 %,67 %,<= 0.020 %,0.20 - 0.75 %,<= 0.015 %,,<= 1.0 %,879 MPa@Thickness 12.7 mm,<= 0.35 %,,<= 2.0 %,,,53@Thickness 1.45 mm,190 J,1093 °C,0.10 - 0.50 %,<= 0.015 %,0.010 - 0.10 %,,,,,,,,,,,,,,,,,,,,,,,,,,,,,,,,,,,,,,,,,,,,
1,"Special Metals INCONEL® 706 Precipitation Hardening Alloy, Forged Disc, Solution Treated",https://www.matweb.com/search/DataSheet.aspx?MatGUID=021cc944a09146f78a44c16844791ec5,Metric,8.05 g/cc,Metric,,288 MPa@Strain 0.200 %,50 %,210 GPa,0.382,,76.0 GPa,,Metric,0.0000985 ohm-cm,1.011,Metric,13.46 µm/m-°C@Temperature 24.0 - 100 °C,0.444 J/g-°C,12.5 W/m-K,1334 - 1371 °C,1334 °C,1371 °C,,,,Metric,<= 0.30 %,14.5 - 17.5 %,38 %,<= 0.35 %,,39 - 44 %,<= 0.020 %,<= 0.35 %,<= 0.015 %,<= 0.40 %,,745 MPa,<= 0.35 %,,<= 1.0 %,,,,,,<= 0.060 %,<= 0.0060 %,,,,,,,,<= -78.0 °C,,,,,,55 %,2.5 - 3.3 %,,,,,,,,,,,,,,,,,,,,,,,,,,,,,,
1,"Haynes Hastelloy® G-35® Nickel Alloy Bar, Annealed at 2075°F (1135°C)",https://www.matweb.com/search/DataSheet.aspx?MatGUID=582b4c91934c482a99e42a1a33afcb70,Metric,8.22 g/cc,Metric,,"319 MPa@Thickness 25.4 mm, Temperature 25.0 °C",67.9 %@Temperature 260 °C,170 GPa@Temperature 649 °C,,,,,Metric,0.000118 ohm-cm@Temperature 25.0 °C,,Metric,12.3 µm/m-°C@Temperature 21.0 - 100 °C,0.450 J/g-°C@Temperature 25.0 °C,10.0 W/m-K@Temperature 25.0 °C,1332 - 1361 °C,1332 °C,1361 °C,Metric,1120 °C,,Metric,<= 0.050 %,33 %,<= 2.0 %,<= 0.50 %,8.0 %,55.5 %,,<= 0.60 %,,,,483 MPa@Temperature 649 °C,,,,Descriptive Properties,,,,,<= 0.40 %,,,,,,,,,,,,,,,,,,,,,,,,,,,,,,,,,,,,0.028 cm2/s,,,,,,,,,,
1,Sandvik Kanthal R63C Resistance Heating Wire and Strip,https://www.matweb.com/search/DataSheet.aspx?MatGUID=1bf8f75d3fc7431c851b68283f84833c,Metric,8.72 g/cc,Metric,,,,,,,,,Metric,0.0000220 ohm-cm,,Metric,15.2 µm/m-°C@Temperature 20.0 - 500 °C,,38.5 W/m-K@Temperature 100 °C,1430 °C,,,,,,Metric,,,,4.0 %,,95 %,,1.0 %,,,,440 - 1200 MPa,,,,,,,,,,,,,,,,,,,,,,,,,,,,,,,,,,,,,,,,,,,,,,,,,,,,,,,
1,"Haynes Hastelloy® C-22® alloy, all-weld metal, SMAW",https://www.matweb.com/search/DataSheet.aspx?MatGUID=c352dc5819704d6bac9acd3fd704cd29,Metric,8.69 g/cc,Metric,,510 MPa@Strain 0.200 %,47 %,206 GPa,,,,,Metric,0.000114 ohm-cm@Temperature 24.0 °C,,Metric,12.4 µm/m-°C@Temperature 24.0 - 93.0 °C,0.414 J/g-°C@Temperature 52.0 °C,10.1 W/m-K@Temperature 48.0 °C,1357 - 1399 °C,1357 °C,1399 °C,,,,Metric,<= 0.010 %,22 %,3.0 %,<= 0.50 %,13 %,56 %,,<= 0.080 %,,,3.0 %,758 MPa,,,<= 2.5 %,,,,,,,,,,,,,,,,,93@Temperature 23.0 °C,<= 0.35 %,,,,,,,,,,,,,,,,,,,,,,,,,,,,,,,,,,
1,MetalTek RENE® 220 Centri-Vac Nickel Cobalt Based Alloy,https://www.matweb.com/search/DataSheet.aspx?MatGUID=3c9002d9f3d543268174233ba14f7e5b,,,Metric,,>= 830 MPa,>= 6.0 %,,,,,,,,,,,,,,,,,,,Metric,0.020 - 0.040 %,18 - 22 %,,,3.0 - 3.4 %,51.46 - 59.08 %,,,,0.90 - 1.1 %,,>= 1105 MPa,,,11 - 13 %,Descriptive Properties,Sol. Anneal & Age,,,,,,,,,,,,,,,,,,,,5.0 - 5.5 %,,,,,,,,,,,,,,,,,,,,,,,,,,,3.0 - 3.5 %,,,
1,MetalTek GTD 222® Centri-Vac Nickel Cobalt Based Alloy,https://www.matweb.com/search/DataSheet.aspx?MatGUID=705da93caed547be8ebe479a1c440f6f,,,Metric,,>= 725 MPa,>= 8.0 %,,,,,,,,,,,,,,,,,,,Metric,0.080 - 0.12 %,22.2 - 22.8 %,,<= 0.10 %,,55.03 - 57.42 %,,<= 0.25 %,,,1.8 - 2.2 %,>= 965 MPa,,,18.5 - 19.5 %,Descriptive Properties,Sol. Anneal & Age,,,,,,,,,,,,,,,,,,,,,,,,,,,,,,,,,,,,,,,,,,,,,,,,,,
1,"Haynes 230® alloy, hot rolled and 1232°C solution annealed plate",https://www.matweb.com/search/DataSheet.aspx?MatGUID=27a42b2de96c4574b8ef6266127c34c3,Metric,8.97 g/cc,Metric,,395 MPa@Strain 0.200 %,49.6 %,211 GPa,,,,,Metric,0.000125 ohm-cm,,Metric,12.7 µm/m-°C@Temperature 25.0 - 100 °C,0.397 J/g-°C,8.90 W/m-K,1301 - 1371 °C,1301 °C,1371 °C,,,,Metric,0.10 %,22 %,<= 3.0 %,0.50 %,2.0 %,57 %,,0.40 %,,,14 %,865 MPa,,,<= 5.0 %,,,,73.0 J,,0.30 %,<= 0.015 %,0.020 %,,,,,,,,,,,,,,,,,,,,,,,,,,,,,,,,,,,,,,,,,,,,
1,"Haynes 625 alloy, plate after 4000 hours at 870°C (1600°F)",https://www.matweb.com/search/DataSheet.aspx?MatGUID=7a4a1b0a10af4e64ae32eb17d548a9c4,Metric,8.44 g/cc,Metric,,460 MPa@Strain 0.200 %,29 %,208 GPa,,,,,Metric,0.000129 ohm-cm,,Metric,12.8 µm/m-°C@Temperature 25.0 - 100 °C,0.410 J/g-°C,9.80 W/m-K,1290 - 1350 °C,1290 °C,1350 °C,,,,Metric,<= 0.10 %,21 %,<= 5.0 %,<= 0.50 %,9.0 %,62 %,,<= 0.50 %,,<= 0.40 %,,895 MPa,,,<= 1.0 %,,,,15.0 J,,<= 0.40 %,,,,,,,,,,,,,,,,3.7 %,,,,,,,,,,,,,,,,,,,,,,,,,,,,,,
1,Datum Alloys Nickel 200/201 Strip and Tags,https://www.matweb.com/search/DataSheet.aspx?MatGUID=07a184a4383944eaa9c11d766c2d3906,,,Metric,<= 130 MPa,,,,,,,,Metric,0.00000900 ohm-cm,,,,,,,,,,,,Metric,0.010 %,,0.070 %,0.25 %,,99.5 %,,0.14 %,0.0010 %,0.0020 %,,,0.0010 %,,,,,,,,,,,,,,,,,,,,,,,,,,,,,,,,,,,,,,,,,,,,,,,,,,,,0.020 %,,
1,"Haynes 230® alloy, 10% cold reduction, 1177°C anneal for 5 minutes",https://www.matweb.com/search/DataSheet.aspx?MatGUID=6104c79e9a9f4fe09ac7d9011ca01616,Metric,8.97 g/cc,Metric,,385 MPa@Strain 0.200 %,43.7 %,211 GPa,,,,,Metric,0.000125 ohm-cm,,Metric,12.7 µm/m-°C@Temperature 25.0 - 100 °C,0.397 J/g-°C,8.90 W/m-K,1301 - 1371 °C,1301 °C,1371 °C,,,,Metric,0.10 %,22 %,<= 3.0 %,0.50 %,2.0 %,57 %,,0.40 %,,,14 %,895 MPa,,,<= 5.0 %,,,,73.0 J,,0.30 %,<= 0.015 %,0.020 %,,,,,,,,,,,,,,,,,,,,,,,,,,,,,,,,,,,,,,,,,,,,
1,"Haynes 625 alloy, plate after 8000 hours at 760°C (1400°F)",https://www.matweb.com/search/DataSheet.aspx?MatGUID=179360d0eef142aabf36f4ca239e9b21,Metric,8.44 g/cc,Metric,,670 MPa@Strain 0.200 %,13 %,208 GPa,,,,,Metric,0.000129 ohm-cm,,Metric,12.8 µm/m-°C@Temperature 25.0 - 100 °C,0.410 J/g-°C,9.80 W/m-K,1290 - 1350 °C,1290 °C,1350 °C,,,,Metric,<= 0.10 %,21 %,<= 5.0 %,<= 0.50 %,9.0 %,62 %,,<= 0.50 %,,<= 0.40 %,,985 MPa,,,<= 1.0 %,,,,7.00 J,,<= 0.40 %,,,,,,,,,,,,,,,,3.7 %,,,,,,,,,,,,,,,,,,,,,,,,,,,,,,
1,"Haynes 625 alloy, 10% cold reduction, 1120°C anneal for 5 minutes",https://www.matweb.com/search/DataSheet.aspx?MatGUID=b7f138100ee248ca82aeaf80b32312aa,Metric,8.44 g/cc,Metric,,405 MPa@Strain 0.200 %,50 %,208 GPa,,,,,Metric,0.000129 ohm-cm,,Metric,12.8 µm/m-°C@Temperature 25.0 - 100 °C,0.410 J/g-°C,9.80 W/m-K,1290 - 1350 °C,1290 °C,1350 °C,,,,Metric,<= 0.10 %,21 %,<= 5.0 %,<= 0.50 %,9.0 %,62 %,,<= 0.50 %,,<= 0.40 %,,880 MPa,,,<= 1.0 %,,,,,,<= 0.40 %,,,,,,,,,,,,,,,,3.7 %,,,,,,,,,,,,,,,,,,,,,,,,,,,,,,
1,"ATI Allegheny Ludlum AL 601™ Nickel-Base Alloy, Annealed at 982°C (1800°F), UNS N06601",https://www.matweb.com/search/DataSheet.aspx?MatGUID=56f4bf345d3b4601b13ffefd4eb60996,Metric,8.05 g/cc,Metric,,440 MPa,45 %,205 GPa,,,,,Metric,,1.02,Metric,11.0 µm/m-°C@Temperature 27.0 °C,0.460 J/g-°C,,,,,,,,Metric,0.050 %,23 %,14.1 %,0.50 %,,60.5 %,,0.25 %,0.0050 %,,,790 MPa,0.25 %,,,,,,150 J,1093 °C,1.35 %,,,,,,,,,,,80,,,,60 %,,,,,,,,,,,,,,,,,,,,,,,,,,,,,,,
1,Haynes Hastelloy® D-205 Corrosion Resistant Alloy,https://www.matweb.com/search/DataSheet.aspx?MatGUID=e2b57ba023734618ad18494c4aaaa186,Metric,,Metric,,338 MPa@Strain 0.200 %,28.6 %,,,,,,,,,,,,,,,,,,,Metric,<= 0.030 %,20 %,6.0 %,,2.5 %,64.47 - 64.5 %,,5.0 %,,,,786 MPa,2.0 %,,,Descriptive Properties,,,,,,,,,,,,,,,,,,,,,,,,,,,,,,,,,,,,,,,,,,,,,,,,,,>= 1008 hour@Temperature 154 °C,30°C
1,Alliance A-5 Alnico Magnetic Material,https://www.matweb.com/search/DataSheet.aspx?MatGUID=d3e328e647c241289d1ec26fdcf47899,Metric,7.30 g/cc,Metric,37.2 MPa,,,,,,,,Metric,0.0000470 - 0.0000530 ohm-cm,,Metric,11.4 µm/m-°C,,,,,,,,,,,,,,,,,,,,,,,,,Descriptive Properties,,,,525 °C,,,,,,,450 - 700,,,860 °C,,,,,,,,,0.0724 GPa,600 - 660 Oe,12000 - 12900 Gauss,4.5 - 5.0 MGOe,"Al, Ni, Co, Cu, Ti",10000,0.01,,,,,,,,,,,,,,,,,,,,,,
1,Special Metals NIMONIC® Alloy PE16,https://www.matweb.com/search/DataSheet.aspx?MatGUID=c887b0a511424ad19c44c0bd0f50124c,Metric,8.02 g/cc,Metric,,450 MPa@Strain 0.200 %,28 %,,,,,,Metric,0.000110 ohm-cm,1.4,Metric,13.8 µm/m-°C@Temperature 20.0 - 100 °C,0.544 J/g-°C,11.72 W/m-K,1310 - 1355 °C,1310 °C,1355 °C,,,,Metric,0.040 - 0.080 %,15.5 - 17.5 %,31 %,<= 0.20 %,2.8 - 3.8 %,42 - 45 %,,<= 0.50 %,<= 0.015 %,1.1 - 1.3 %,,720 MPa@Temperature 550 °C,<= 0.50 %,,<= 2.0 %,,,,,,1.1 - 1.3 %,<= 0.0050 %,,,,,,,,,,,,,,,,0.020 - 0.040 %,,,,,,,,,,,,,,,,,,,,,,,,,,,,,
1,"Haynes 214® alloy, hot rolled solution annealed plate 12.7 mm (1/2 in.) thick",https://www.matweb.com/search/DataSheet.aspx?MatGUID=16b057206ce6420dadcb60b1576ca0ae,Metric,8.05 g/cc,Metric,,565 MPa@Strain 0.200 %,42.8 %,218 GPa,,,,,Metric,0.0001359 ohm-cm,,Metric,13.3 µm/m-°C@Temperature 25.0 - 200 °C,0.452 J/g-°C,12.0 W/m-K,1355 - 1400 °C,1355 °C,1400 °C,,,,Metric,0.050 %,16 %,3.0 %,<= 0.50 %,,75 %,,<= 0.20 %,,,,960 MPa,,,,,,,,,4.5 %,<= 0.010 %,,,,,,,,,,,,,,,,<= 0.10 %,,,,,,,,0.010 %,,,,,,,,,,,,,,,,,,,,,
1,"Haynes 230® alloy, 20% cold reduction",https://www.matweb.com/search/DataSheet.aspx?MatGUID=8f80ea21dc424df290871a7948e62c66,Metric,8.97 g/cc,Metric,,920 MPa@Strain 0.200 %,16.8 %,211 GPa,,,,,Metric,0.000125 ohm-cm,,Metric,12.7 µm/m-°C@Temperature 25.0 - 100 °C,0.397 J/g-°C,8.90 W/m-K,1301 - 1371 °C,1301 °C,1371 °C,,,,Metric,0.10 %,22 %,<= 3.0 %,0.50 %,2.0 %,57 %,,0.40 %,,,14 %,1130 MPa,,,<= 5.0 %,,,,,,0.30 %,<= 0.015 %,0.020 %,,,,,,,,,,,,,,,,,,,,,,,,,,,,,,,,,,,,,,,,,,,,
1,"Haynes Hastelloy® S alloy, flat products, solution heat-treated at 649°C (1200°F), aged 16000 hours",https://www.matweb.com/search/DataSheet.aspx?MatGUID=40e97ed5282f4d2280f5709de4837cb1,Metric,8.75 g/cc,Metric,,"409 MPa@Strain 0.200 %, Thickness 12.7 mm",49 %@Thickness 12.7 mm,132 GPa@Temperature 1093 °C,,,,,Metric,0.000128 ohm-cm@Temperature 25.0 °C,,Metric,11.5 µm/m-°C@Temperature 20.0 - 93.0 °C,0.398 J/g-°C@Temperature 0.000 °C,14.0 W/m-K@Temperature 200 °C,1335 - 1380 °C,1335 °C,1380 °C,,,,Metric,<= 0.020 %,14.5 - 17 %,<= 3.0 %,0.30 - 1.0 %,14 - 16.5 %,67 %,<= 0.020 %,0.20 - 0.75 %,<= 0.015 %,,<= 1.0 %,882 MPa@Thickness 12.7 mm,<= 0.35 %,,<= 2.0 %,,,55@Thickness 1.45 mm,190 J,1093 °C,0.10 - 0.50 %,<= 0.015 %,0.010 - 0.10 %,,,,,,,,,,,,,,,,,,,,,,,,,,,,,,,,,,,,,,,,,,,,
1,Special Metals MONEL® Alloy R-405,https://www.matweb.com/search/DataSheet.aspx?MatGUID=c1ceb228f4764f3f99f68f036d49bb1a,Metric,8.80 g/cc,Metric,,240 MPa@Strain 0.200 %,40 %,,,,,,Metric,0.0000510 ohm-cm,,Metric,13.7 µm/m-°C@Temperature 20.0 - 100 °C,0.427 J/g-°C,21.8 W/m-K,1300 - 1350 °C,1300 °C,1350 °C,,,,Metric,<= 0.30 %,,<= 2.5 %,<= 2.0 %,,>= 63 %,,<= 0.50 %,0.025 - 0.060 %,,,550 MPa,28 - 34 %,,,,,,,,,,,,,,,,,20.0 - 50.0 °C,,,,,,,,,,,,,,,,,,,,,,,,,,,,,,,,,,,,,
1,Wall Colmonoy COLMONOY® 57 PTA Nickel-Base Hard-Surfacing Alloy,https://www.matweb.com/search/DataSheet.aspx?MatGUID=cf162d0654314e528debd32ca84bba5a,Metric,4.70 g/cc,Metric,,,,,,,,,,,,Metric,,,,971 - 1120 °C,971 °C,1120 °C,,,,Metric,0.50 %,11.5 %,3.5 %,,,62.5 %,,3.5 %,,,16 %,,,,,,,,,,,2.5 %,,,,47,,,,,,,,,,,,,,,,,,,,,,,,,,,,,,,,,,,,,,,,,
1,Sandvik Sanicro 59 Covered electrodes,https://www.matweb.com/search/DataSheet.aspx?MatGUID=6060bb0b787d4c3b8808f90ac1bd2eff,Metric,8.22 g/cc,Metric,,520 MPa@Strain 0.200 %,31 %,,,,,50.0 J@Temperature -50.0 °C,,,,,,,,,,,,,,Metric,0.010 %,23 %,1.0 %,0.50 %,15.5 %,60 %,,0.15 %,,,,790 MPa,,,,,,,,,,,,,,,,,,,,,,,,30 %,,,,,,,,,,,,,,,,,,,,,,,,,,,,,,,
